<?xml version="1.0" encoding="UTF-8"?>
<beans xmlns="http://www.springframework.org/schema/beans"
       xmlns:xsi="http://www.w3.org/2001/XMLSchema-instance"
       xmlns:webflow="http://www.springframework.org/schema/webflow-config"
       xsi:schemaLocation="
           http://www.springframework.org/schema/beans
           http://www.springframework.org/schema/beans/spring-beans-2.5.xsd
           http://www.springframework.org/schema/webflow-config
           http://www.springframework.org/schema/webflow-config/spring-webflow-config-2.0.xsd">

	<!-- Executes flows: the entry point into the Spring Web Flow system -->
	<webflow:flow-executor id="flowExecutor">
		<webflow:flow-execution-listeners>
			<webflow:listener ref="jpaFlowExecutionListener" />
			<webflow:listener ref="securityFlowExecutionListener" />
		</webflow:flow-execution-listeners>
	</webflow:flow-executor>
	
	<!-- The registry of executable flow definitions -->
	<webflow:flow-registry id="flowRegistry" flow-builder-services="flowBuilderServices" base-path="/WEB-INF">
		<webflow:flow-location-pattern value="/**/*-flow.xml" />
	</webflow:flow-registry>
		
	<!-- Plugs in a custom creator for Web Flow views -->
	<webflow:flow-builder-services id="flowBuilderServices" 
					view-factory-creator="mvcViewFactoryCreator" 
					development="true" />

	<!-- Configures Web Flow to use Tiles to create views for rendering; Tiles allows for applying consistent layouts to your views -->
	<bean id="mvcViewFactoryCreator" class="org.springframework.webflow.mvc.builder.MvcViewFactoryCreator"> 
		<property name="viewResolvers" ref="tilesViewResolver"/>
		<property name="useSpringBeanBinding" value="true" />
	</bean>
	
	<!-- Installs a listener that manages JPA persistence contexts for flows that require them -->
	<bean id="jpaFlowExecutionListener" class="org.springframework.webflow.persistence.JpaFlowExecutionListener">
		<constructor-arg ref="entityManagerFactory" />
		<constructor-arg ref="transactionManager" />
	</bean>
	
	<!-- Installs a listener to apply Spring Security authorities -->
	<bean id="securityFlowExecutionListener" class="org.springframework.webflow.security.SecurityFlowExecutionListener" />

</beans>